[{
        "id": 0,
        "name": "İtlər",
        "background": "#fff url(/site/images/dogs.png) no-repeat",
        "Children": [{
                "id": "0",
                "name": "İt Oyuncaq"
            },
            {
                "id": "1",
                "name": "İt Yemek"
            },
            {
                "id": "2",
                "name": "İt Yuva"
            },
            {
                "id": "3",
                "name": "İt Dərman"
            }
        ]
    },
    {
        "id": 1,
        "name": "Pişiklər",
        "background": "#fff url(/site/images/cats.png) no-repeat",
        "Children": [{
                "id": "0",
                "name": "Pişik Oyuncaq"
            },
            {
                "id": "1",
                "name": "Pişik Yemek"
            },
            {
                "id": "2",
                "name": "Pişik Yuva"
            },
            {
                "id": "3",
                "name": "Pişik Dərman"
            }
        ]
    }
]
